,City,Cloudiness,Country,Date,Humidity,Lat,Lng,Max Temp,Wind Speed
0,North Bend,1,US,1584037641,61,43.41,-124.22,48.99199999999996,4.1
1,Hambantota,51,LK,1584037896,100,6.12,81.12,76.99999999999994,1.5
2,Mīzan Teferī,59,ET,1584037897,70,6.98,35.58,69.62000000000006,1.76
3,Khovd,0,MN,1584037874,43,48.01,91.64,12.020000000000039,0.85
4,Mgandu,84,TZ,1584037900,96,-5.95,34.13,65.12000000000006,1.77
5,Hobart,60,AU,1584037802,40,-42.88,147.33,71.59999999999997,7.7
6,Yangi Marg`ilon,0,UZ,1584037903,61,40.43,71.72,48.19999999999993,2.1
7,Castro,19,BR,1584037905,48,-24.79,-50.01,79.88000000000005,2.85
8,Rikitea,17,PF,1584037906,80,-23.12,-134.97,76.99999999999994,9.03
9,Ushuaia,40,AR,1584037628,67,-54.8,-68.3,58.99999999999994,1.5
10,Ancud,90,CL,1584037870,100,-41.87,-73.82,60.80000000000001,6.2
11,Joensuu,90,FI,1584037757,98,62.6,29.76,35.00599999999997,2.1
12,Port Alfred,70,ZA,1584037911,93,-33.59,26.89,71.99600000000004,0.45
13,Nome,90,US,1584037639,79,64.5,-165.41,24.99799999999999,8.2
14,Necochea,28,AR,1584037728,68,-38.55,-58.74,96.00799999999998,3.58
15,Butaritari,89,KI,1584037724,79,3.07,172.79,81.49999999999994,3.7
16,Busselton,86,AU,1584037712,41,-33.65,115.33,64.99400000000009,7.65
17,Van,40,TR,1584037919,81,38.49,43.38,42.799999999999955,2.42
18,Camacha,40,PT,1584037920,68,33.08,-16.33,66.19999999999999,5.1
19,Quatre Cocos,75,MU,1584037921,94,-20.21,57.76,78.99799999999999,3.1
20,Barrow,90,US,1584037801,69,71.29,-156.79,-9.399999999999977,7.2
21,Canillo,100,AD,1584037923,76,42.58,1.67,60.99799999999999,2.24
22,Longyearbyen,75,SJ,1584037717,63,78.22,15.64,-7.600000000000023,4.1
23,Talnakh,7,RU,1584037890,69,69.49,88.4,-11.199999999999989,5.0
24,Albany,75,US,1584037628,34,42.6,-73.97,51.99799999999999,5.1
25,Soyo,75,AO,1584037928,70,-6.13,12.37,87.80000000000001,3.1
26,Verāval,0,IN,1584037929,71,20.9,70.37,65.12000000000006,4.16
27,Punta Arenas,95,CL,1584037931,76,-53.15,-70.92,60.80000000000001,3.6
28,Mataura,3,NZ,1584037662,92,-46.19,168.86,48.00200000000001,0.45
29,Port Elizabeth,75,ZA,1584037804,88,-33.92,25.57,67.99999999999994,8.2
30,Kungurtug,47,RU,1584037934,79,50.6,97.52,-1.4799999999999613,2.19
31,Upernavik,100,GL,1584037935,89,72.79,-56.15,-16.24000000000001,2.19
32,Menongue,97,AO,1584037936,89,-14.66,17.69,67.4600000000001,1.07
33,Chui,47,UY,1584037938,44,-33.7,-53.46,90.49999999999994,3.62
34,East London,20,ZA,1584037939,94,-33.02,27.91,71.59999999999997,4.1
35,Paamiut,11,GL,1584037919,82,61.99,-49.67,15.079999999999984,3.28
36,Kaitangata,0,NZ,1584037941,84,-46.28,169.85,50.89999999999998,3.3
37,Arraial do Cabo,75,BR,1584037784,69,-22.97,-42.03,82.39999999999992,6.7
38,Fairbanks,40,US,1584037871,75,64.84,-147.72,-2.9920000000000186,1.5
39,Cam Ranh,20,VN,1584037944,83,11.92,109.16,76.99999999999994,0.5
40,Yellowknife,90,CA,1584037722,69,62.46,-114.35,-9.004000000000019,4.1
41,Nhulunbuy,100,AU,1584037947,88,-12.23,136.77,80.59999999999997,3.1
42,Coahuayana Viejo,75,MX,1584037948,74,18.73,-103.68,80.59999999999997,3.4
43,Puerto Ayora,20,EC,1584037869,74,-0.74,-90.35,84.19999999999999,5.1
44,Provideniya,100,RU,1584037890,97,64.38,-173.3,27.319999999999993,11.87
45,Thompson,90,CA,1584037801,72,55.74,-97.86,10.399999999999977,5.7
46,Leningradskiy,100,RU,1584037745,81,69.38,178.42,12.199999999999932,5.91
47,Yar-Sale,100,RU,1584037775,98,66.83,70.83,30.379999999999995,7.53
48,Moose Factory,1,CA,1584037958,64,51.26,-80.61,33.799999999999955,4.6
49,Bluff,87,NZ,1584037628,92,-46.6,168.33,48.00200000000001,0.45
50,Faanui,100,PF,1584037960,71,-16.48,-151.75,83.47999999999996,6.82
51,Padre Bernardo,66,BR,1584037961,68,-15.35,-48.5,84.02000000000004,0.52
52,Narsaq,20,GL,1584037964,46,60.92,-46.05,28.399999999999977,2.1
53,Vaini,75,TO,1584037879,100,-21.2,-175.2,76.99999999999994,2.1
54,Mankono,27,CI,1584037967,23,8.06,-6.19,95.18,2.3
55,Raja,72,SS,1584037968,37,8.46,25.68,82.57999999999998,2.06
56,Conceição do Araguaia,97,BR,1584037969,60,-8.26,-49.26,86.36000000000007,1.58
57,Port Hardy,90,CA,1584037971,80,50.7,-127.42,39.19999999999993,3.1
58,Ngunguru,3,NZ,1584037929,87,-35.62,174.5,58.99999999999994,3.13
59,Qaanaaq,0,GL,1584037973,47,77.48,-69.36,-17.319999999999993,2.57
60,New Norfolk,90,AU,1584037974,40,-42.78,147.06,71.59999999999997,7.7
61,Ola,100,RU,1584037975,80,59.58,151.28,-1.3000000000000114,3.8
62,Victor Harbor,52,AU,1584037976,88,-35.57,138.62,71.00600000000003,0.5
63,Severo-Yeniseyskiy,100,RU,1584037977,96,60.37,93.04,26.960000000000036,3.56
64,Vestmannaeyjar,90,IS,1584037979,100,63.44,-20.27,33.799999999999955,13.4
65,Pontes e Lacerda,100,BR,1584037980,54,-15.23,-59.34,91.39999999999992,0.69
66,Atuona,2,PF,1584037898,74,-9.8,-139.03,81.86000000000007,5.32
67,Benguela,75,AO,1584037982,83,-12.58,13.41,80.59999999999997,2.1
68,Bathsheba,20,BB,1584037907,58,13.22,-59.52,84.19999999999999,7.2
69,Saint-Philippe,40,RE,1584037984,94,-21.36,55.77,80.59999999999997,2.1
70,Pangody,100,RU,1584037925,99,65.85,74.49,33.799999999999955,6.96
71,Pisco,59,PE,1584037986,30,-13.7,-76.22,76.99999999999994,5.7
72,Pouébo,81,NC,1584037988,89,-20.4,164.57,72.68,1.57
73,Chateaubelair,75,VC,1584037989,66,13.28,-61.25,84.19999999999999,9.3
74,Lompoc,1,US,1584037990,77,34.64,-120.46,71.00600000000003,1.73
75,Esqueda,100,MX,1584037991,93,30.72,-109.58,55.76000000000005,1.39
76,Craig,1,US,1584037931,100,40.52,-107.55,48.19999999999993,1.17
77,Port Blair,2,IN,1584037904,64,11.67,92.75,80.06,1.78
78,Cape Town,13,ZA,1584037102,82,-33.93,18.42,66.9919999999999,2.1
79,Jamestown,90,US,1584037732,70,42.1,-79.24,53.00600000000003,3.1
80,Korla,99,CN,1584037881,94,41.76,86.15,33.99799999999999,2.45
81,Tagusao,33,PH,1584037998,88,9.19,117.81,75.19999999999999,1.67
82,Omboué,81,GA,1584037999,84,-1.57,9.26,78.80000000000001,1.85
83,Santa Fe,24,AR,1584037970,25,-31.63,-60.7,100.76000000000005,2.68
84,Ferrol,75,ES,1584038001,71,43.48,-8.24,53.00600000000003,4.1
85,Narrabri,0,AU,1584038002,87,-30.32,149.78,60.00799999999998,2.6
86,Langsa,27,ID,1584037879,93,4.47,97.97,75.56,1.04
87,Carnarvon,40,AU,1584038004,78,-24.87,113.63,78.80000000000001,6.2
88,Matara,0,LK,1584037995,81,5.95,80.54,75.56,3.56
89,Alyangula,40,AU,1584038007,100,-13.85,136.42,76.99999999999994,2.51
90,Coquimbo,20,CL,1584038008,72,-29.95,-71.34,67.99999999999994,6.2
91,Ponta do Sol,20,PT,1584038009,59,32.67,-17.1,66.19999999999999,6.2
92,Tiksi,95,RU,1584038010,71,71.69,128.87,-17.319999999999993,0.46
93,Miguel Hidalgo,20,MX,1584037802,22,19.42,-99.2,76.99999999999994,3.6
94,Magaria,55,NE,1584038013,11,13.0,8.91,75.56,4.68
95,Kloulklubed,75,PW,1584038015,78,7.04,134.26,80.59999999999997,3.6
96,Aba,40,NG,1584038016,74,5.11,7.37,85.99999999999994,3.1
97,Bol'shoye Murashkino,84,RU,1584038017,84,55.78,44.78,37.76000000000005,5.26
98,Kapaa,40,US,1584038018,83,22.08,-159.32,71.59999999999997,3.1
99,Tasiilaq,75,GL,1584038019,66,65.61,-37.64,12.199999999999932,8.2
100,Morant Bay,20,JM,1584038020,62,17.88,-76.41,84.19999999999999,3.1
101,Southbridge,90,US,1584038021,39,42.08,-72.03,51.00799999999998,2.72
102,Newport,40,GB,1584038023,75,51.59,-3.0,46.99400000000003,9.3
103,Hellín,100,ES,1584038024,37,38.51,-1.7,71.99600000000004,3.1
104,Fort Nelson,20,CA,1584038025,44,58.81,-122.7,-0.39999999999997726,5.7
105,Suzdal,100,RU,1584038026,69,56.43,40.44,40.639999999999986,5.27
106,Billings Metropolitan Area,20,US,1584037962,86,45.78,-108.5,35.99599999999998,4.1
107,Bredasdorp,21,ZA,1584038021,88,-34.53,20.04,66.19999999999999,2.1
108,Sola,74,VU,1584038029,74,-13.88,167.55,85.4600000000001,5.26
109,Nueve de Julio,0,AR,1584038030,44,-35.44,-60.88,93.00200000000001,4.36
110,Linxia Chengguanzhen,53,CN,1584038032,77,35.6,103.21,20.839999999999975,1.54
111,Laas,91,IT,1584038033,80,46.62,10.7,46.99400000000003,6.2
112,Raychikhinsk,100,RU,1584038034,86,49.78,129.41,1.2200000000000273,7.18
113,Rocha,100,UY,1584038035,53,-34.48,-54.33,85.63999999999993,4.8
114,Tuktoyaktuk,5,CA,1584038036,73,69.45,-133.04,-32.80000000000001,3.1
115,Jinchang,82,CN,1584038038,71,38.5,102.17,21.739999999999952,4.42
116,Flic en Flac,75,MU,1584038039,94,-20.27,57.36,78.99799999999999,3.1
117,Greenville,1,US,1584037902,47,35.61,-77.37,76.99999999999994,1.5
118,Geraldton,50,AU,1584038042,73,-28.77,114.6,71.59999999999997,5.7
119,Saint Paul Harbor,1,US,1584037759,49,57.79,-152.41,26.599999999999966,8.2
120,George Town,20,MY,1584037628,83,5.41,100.34,85.99999999999994,2.1
121,Ambilobe,100,MG,1584037942,92,-13.2,49.05,78.26000000000005,1.07
122,Konosha,100,RU,1584038046,96,60.97,40.26,33.44,5.59
123,Dumas,1,US,1584038047,22,35.87,-101.97,73.99400000000009,3.79
124,Oddur,100,SO,1584038050,28,4.12,43.89,81.13999999999993,5.09
125,San Policarpo,39,PH,1584038051,77,12.18,125.51,79.69999999999999,4.2
126,Saint-Leu,40,RE,1584038052,94,-21.15,55.28,80.59999999999997,2.1
127,Tual,98,ID,1584038053,81,-5.67,132.75,82.57999999999998,3.08
128,Broken Hill,0,AU,1584037916,49,-31.95,141.43,73.39999999999992,5.1
129,Samfya,100,ZM,1584038055,94,-11.36,29.56,67.09999999999997,1.39
130,Cap Malheureux,75,MU,1584037871,94,-19.98,57.61,78.99799999999999,3.1
131,Jobner,20,IN,1584038058,22,26.97,75.38,67.99999999999994,3.6
132,Nikolskoye,97,RU,1584037885,86,59.7,30.79,39.00200000000001,3.0
133,Te Anau,38,NZ,1584037869,86,-45.42,167.72,46.94,0.65
134,Hithadhoo,0,MV,1584038062,71,-0.6,73.08,83.47999999999996,5.28
135,Diego de Almagro,0,CL,1584038063,20,-26.37,-70.05,87.26000000000005,7.1
136,Thakurdwara,40,IN,1584038066,54,29.2,78.85,66.73999999999995,4.04
137,Lac du Bonnet,100,CA,1584038067,66,50.25,-96.06,33.00799999999998,4.92
138,Kokologo,48,BF,1584038068,5,12.19,-1.89,98.59999999999997,2.1
139,Zhongshu,32,CN,1584038069,48,24.52,103.77,59.89999999999992,2.77
140,Mehamn,90,NO,1584037817,92,71.04,27.85,24.799999999999955,10.3
141,Pevek,100,RU,1584037921,95,69.7,170.31,14.720000000000027,3.22
142,Mocuba,5,MZ,1584037848,97,-16.84,36.99,73.94,1.33
143,Esperance,90,AU,1584038073,88,-33.87,121.9,62.599999999999966,2.6
144,San Quintín,86,MX,1584038075,81,30.48,-115.95,63.13999999999993,3.49
145,Jaltenango,0,MX,1584038076,33,15.87,-92.72,90.32,0.86
146,Lowicz,75,PL,1584038077,81,52.11,19.95,48.99199999999996,5.7
147,Lumberton,1,US,1584038005,41,34.62,-79.01,80.00600000000003,1.5
148,Tacuatí,76,PY,1584038079,28,-23.45,-56.58,98.06,2.05
149,Avarua,68,CK,1584037885,94,-21.21,-159.78,76.99999999999994,2.6
150,Dikson,38,RU,1584037880,80,73.51,80.55,-10.120000000000005,11.3
151,Broome,90,US,1584038082,61,42.25,-75.83,53.99600000000004,5.7
152,Uyuni,29,BO,1584038084,36,-20.46,-66.83,62.78000000000003,0.89
153,San Jose,20,US,1584037958,72,37.34,-121.89,69.00799999999998,2.1
154,Hilo,90,US,1584038034,69,19.73,-155.09,73.39999999999992,3.1
155,Lima,29,PE,1584037830,65,-12.04,-77.03,82.39999999999992,3.6
156,Makakilo City,90,US,1584037926,88,21.35,-158.09,73.39999999999992,0.77
157,Kavaratti,0,IN,1584038084,71,10.57,72.64,83.12000000000006,4.46
158,Alofi,100,NU,1584038041,94,-19.06,-169.92,76.99999999999994,1.5
159,Mount Isa,0,AU,1584037841,83,-20.73,139.5,71.59999999999997,2.6
160,Gizo Government Station,100,SB,1584038093,87,-8.1,156.84,76.63999999999993,4.19
161,Galle,0,LK,1584038095,75,6.04,80.22,81.13999999999993,7.18
162,Severo-Kuril'sk,96,RU,1584038088,76,50.68,156.12,18.499999999999943,10.76
163,Baillif,75,GP,1584038098,61,16.02,-61.75,82.39999999999992,8.7
164,Viedma,75,AR,1584038099,12,-40.81,-63.0,93.73999999999995,5.76
165,Porto Belo,20,BR,1584037969,78,-27.16,-48.55,91.00399999999996,7.7
166,Midrand,40,ZA,1584038102,56,-25.96,28.14,71.59999999999997,7.2
167,Huron,90,US,1584038103,58,41.15,-82.55,57.00200000000001,5.1
168,Çarşamba,40,TR,1584038104,81,41.2,36.72,49.99999999999994,1.5
169,Hong Kong,40,HK,1584037837,88,22.29,114.16,71.59999999999997,4.6
170,Turukhansk,65,RU,1584037899,86,65.82,87.98,-2.5600000000000023,2.82
171,Marzuq,5,YE,1584038107,64,14.4,46.47,60.80000000000001,2.18
172,Port Hedland,90,AU,1584038109,79,-20.32,118.57,84.19999999999999,4.1
173,Hasaki,75,JP,1584038110,87,35.73,140.83,48.19999999999993,1.5
174,Dickinson,75,US,1584038075,61,29.46,-95.05,82.99400000000009,4.1
175,Najrān,15,SA,1584038094,27,17.49,44.13,69.80000000000001,2.1
176,Birin,0,NP,1584038113,71,26.89,88.07,52.52000000000004,2.12
177,Khatanga,100,RU,1584038114,85,71.97,102.5,-21.819999999999993,6.77
178,Torbay,90,CA,1584037974,92,47.67,-52.73,28.994000000000028,3.6
179,Comodoro Rivadavia,75,AR,1584037908,52,-45.87,-67.5,67.99999999999994,5.1
180,Auki,100,SB,1584038119,81,-8.77,160.7,80.06,10.74
181,Kununurra,0,AU,1584037941,88,-15.77,128.73,75.19999999999999,0.88
182,Kasama,100,ZM,1584038121,96,-10.21,31.18,66.38000000000005,1.53
183,Kamensk-Ural'skiy,1,RU,1584038122,84,56.42,61.93,32.360000000000014,6.85
184,Klaksvík,67,FO,1584037882,64,62.23,-6.59,35.599999999999966,5.7
185,Chokurdakh,20,RU,1584037887,95,70.63,147.92,-29.379999999999995,2.28
186,Ambon City,73,ID,1584038126,80,-3.7,128.18,82.21999999999997,2.88
187,Lorengau,99,PG,1584037906,72,-2.02,147.27,84.19999999999999,3.93
188,Katsuura,75,JP,1584038129,81,35.13,140.3,49.99999999999994,3.1
189,Itarema,75,BR,1584038130,88,-2.92,-39.92,82.39999999999992,2.6
190,Bengkulu,100,ID,1584038131,91,-3.8,102.27,75.02000000000004,1.6
191,Ndago,100,TZ,1584038132,92,-4.6,34.35,65.66000000000003,2.18
192,Yulara,0,AU,1584038134,25,-25.24,130.99,76.99999999999994,3.6
193,Cidreira,97,BR,1584038020,81,-30.18,-50.21,76.63999999999993,5.08
194,Olafsvik,77,IS,1584038136,73,64.89,-23.71,26.779999999999973,7.09
195,Río Gallegos,75,AR,1584037905,44,-51.62,-69.22,60.80000000000001,8.7
196,Lebu,60,CL,1584038138,50,-37.62,-73.65,73.57999999999998,3.74
197,Ribeira Grande,40,PT,1584038139,68,38.52,-28.7,64.39999999999992,3.1
198,Leh,100,IN,1584038140,58,34.17,77.58,17.960000000000036,1.27
199,Guerrero Negro,100,MX,1584038143,88,27.98,-114.06,64.04000000000002,1.98
200,Prince Rupert,90,CA,1584038144,72,54.32,-130.32,33.799999999999955,2.1
201,Qabaqçöl,75,AZ,1584038145,34,41.72,46.26,66.19999999999999,4.1
202,El Copé,40,PA,1584038146,36,8.62,-80.6,93.19999999999999,5.7
203,Ternuvate,12,UA,1584038147,61,47.83,36.13,48.19999999999993,5.0
204,Smoky Lake,100,CA,1584038148,89,54.12,-112.47,19.579999999999984,3.81
205,Sattur,24,IN,1584038149,74,9.37,77.93,80.59999999999997,2.6
206,Tadine,57,NC,1584038151,84,-21.55,167.88,75.19999999999999,1.14
207,Brawley,68,US,1584037908,88,32.98,-115.53,64.39999999999992,1.96
208,Anito,34,PH,1584038153,73,12.45,125.29,81.32,6.11
209,Tucumã,100,BR,1584038154,87,-0.18,-50.05,79.52000000000004,2.86
210,Pangnirtung,40,CA,1584038155,62,66.15,-65.71,-13.0,1.0
211,Jacareacanga,55,BR,1584038156,51,-6.22,-57.75,92.30000000000001,0.77
212,Saldanha,0,ZA,1584037629,64,-33.01,17.94,69.80000000000001,3.6
213,Fukuechō,89,JP,1584038159,81,32.69,128.84,51.799999999999955,1.5
214,Bilibino,100,RU,1584037925,95,68.05,166.44,0.13999999999998636,2.35
215,Belaya Gora,55,RU,1584038161,99,68.53,146.42,-30.640000000000043,1.74
216,Hermanus,3,ZA,1584038009,92,-34.42,19.23,62.00600000000003,1.6
217,Tezu,10,IN,1584038163,58,27.92,96.17,64.76000000000005,1.63
218,Dunedin,4,NZ,1584038164,82,-45.87,170.5,53.99600000000004,2.11
219,Rawson,67,AR,1584038165,56,-43.3,-65.1,66.92000000000002,5.03
220,Itaituba,97,BR,1584038109,57,-4.28,-55.98,89.06,2.25
221,Christiana,81,ZA,1584038168,80,-27.91,25.16,63.49999999999994,8.96
222,Kavieng,100,PG,1584038027,73,-2.57,150.8,84.02000000000004,3.63
223,Samarai,100,PG,1584038170,88,-10.62,150.67,76.28000000000003,2.54
224,Cabo San Lucas,75,MX,1584038161,51,22.89,-109.91,84.9919999999999,4.6
225,Hobyo,83,SO,1584038172,71,5.35,48.53,80.78000000000003,9.15
226,Gamba,78,GA,1584038174,85,-2.65,10.0,80.9600000000001,2.14
227,Tuatapere,42,NZ,1584037916,92,-46.13,167.68,48.00200000000001,0.89
228,Rehoboth,34,NA,1584038176,26,-23.32,17.08,75.92000000000002,8.34
229,Caála,100,AO,1584038177,90,-12.85,15.56,65.47999999999996,1.84
230,Suez,98,EG,1584038043,68,29.97,32.53,60.62000000000006,7.71
231,Chimbote,50,PE,1584038180,48,-9.09,-78.58,84.19999999999999,5.74
232,Lüderitz,0,NA,1584037910,64,-26.65,15.16,71.59999999999997,8.2
233,Pandrup,65,DK,1584038182,85,57.22,9.68,39.99199999999996,2.24
234,Coari,82,BR,1584038138,41,-4.08,-63.14,97.52000000000004,1.34
235,Santa Isabel Rio Negro,31,BR,1584038184,46,-0.41,-65.02,94.82,1.25
236,Jaunjelgava,100,LV,1584038185,86,56.62,25.08,39.99199999999996,6.71
237,Mahébourg,75,MU,1584038187,94,-20.41,57.7,78.99799999999999,3.1
238,Sturgeon Bay,90,US,1584038188,93,44.83,-87.38,42.00799999999998,9.3
239,Bambanglipuro,98,ID,1584038189,93,-7.95,110.28,75.56,2.5
240,Zeya,0,RU,1584038187,84,53.75,127.27,-17.140000000000043,3.58
241,Mokshan,33,RU,1584038191,58,53.44,44.61,44.99599999999998,5.61
242,Xining,71,CN,1584038078,73,36.62,101.77,20.299999999999955,2.74
243,Bucyrus,90,US,1584037943,71,40.81,-82.98,60.00799999999998,5.7
244,Dovolnoye,96,RU,1584038195,95,54.5,79.67,27.680000000000007,5.58
245,Karratha,15,AU,1584038196,80,-20.74,116.85,82.76000000000005,5.51
246,Vila,87,PT,1584038024,81,42.03,-8.16,62.99600000000004,8.7
247,Kirakira,100,SB,1584037899,90,-10.45,161.92,77.54000000000002,6.13
248,Kamenka,48,RU,1584038199,87,51.32,42.77,39.99199999999996,2.24
249,Airai,75,TL,1584037628,96,-8.93,125.41,66.92000000000002,0.89
250,Shingū,50,JP,1584038203,71,33.73,135.98,51.079999999999984,3.6
251,Voyvozh,100,RU,1584038205,98,62.89,54.96,36.31999999999999,4.82
252,Avera,40,US,1584038206,69,33.19,-82.53,78.99799999999999,2.6
253,Novodugino,96,RU,1584037985,77,55.63,34.28,42.079999999999984,8.76
254,Aktau,78,KZ,1584038185,76,43.65,51.2,48.19999999999993,3.0
255,Petropavlovsk-Kamchatskiy,75,RU,1584038210,53,53.05,158.65,26.599999999999966,7.0
256,São Filipe,0,CV,1584038211,58,14.9,-24.5,77.54000000000002,4.93
257,Aklavik,5,CA,1584038076,68,68.22,-135.01,-20.19999999999999,2.1
258,Melbourne,40,US,1584038214,61,28.08,-80.61,82.39999999999992,4.1
259,Kandrian,100,PG,1584038215,84,-6.22,149.55,77.89999999999992,6.22
260,Cherskiy,100,RU,1584038216,93,68.75,161.3,-4.899999999999977,2.66
261,Kuching,20,MY,1584038062,94,1.55,110.33,78.80000000000001,1.5
262,Harper,98,LR,1584037952,90,4.38,-7.72,80.59999999999997,1.91
263,Ouidah,40,BJ,1584038220,89,6.36,2.09,84.19999999999999,5.1
264,Baykit,57,RU,1584038221,93,61.67,96.37,7.339999999999975,0.8
265,Tupik,45,RU,1584038224,87,54.43,119.93,-10.840000000000032,1.65
266,Inhambane,0,MZ,1584038056,81,-23.86,35.38,78.07999999999998,5.42
267,Shelburne,75,CA,1584038226,52,44.08,-80.2,46.99400000000003,6.7
268,Roald,75,NO,1584038228,94,62.58,6.13,35.599999999999966,12.3
269,Barabai,65,ID,1584038229,94,-2.58,115.38,74.66000000000003,0.53
270,Revda,40,RU,1584038232,60,56.8,59.93,39.19999999999993,3.0
271,Hervey Bay,9,AU,1584038113,82,-25.3,152.85,67.99999999999994,4.1
272,Namuac,0,PH,1584038236,90,18.61,121.17,70.52000000000004,1.28
273,Amelia,40,IT,1584038237,93,42.55,12.42,58.99999999999994,2.6
274,El Salvador,0,SV,1584038238,40,13.83,-88.92,96.80000000000001,4.1
275,Waitara,30,NZ,1584038239,96,-38.92,174.25,42.00799999999998,2.39
276,Franklin Park,90,US,1584038241,71,41.94,-87.87,53.99600000000004,5.1
277,Namtsy,24,RU,1584038242,66,62.72,129.67,-32.80000000000001,1.0
278,Constantine,89,DZ,1584038046,51,36.37,6.61,62.599999999999966,1.5
279,Sunrise Manor,1,US,1584038244,55,36.21,-115.07,67.99999999999994,4.1
280,Kasongo-Lunda,55,CD,1584038245,95,-6.47,16.82,70.69999999999999,1.22
281,Antalaha,100,MG,1584038246,80,-14.9,50.28,82.39999999999992,9.82
282,Laguna,1,US,1584037978,55,38.42,-121.42,69.00799999999998,3.6
283,Tshikapa,98,CD,1584038249,87,-6.42,20.8,72.13999999999993,0.75
284,Riyadh,99,SA,1584038250,20,24.69,46.72,73.39999999999992,2.6
285,Paramonga,40,PE,1584038251,80,-10.67,-77.83,73.76000000000005,4.63
286,Iralaya,40,HN,1584038253,66,15.0,-83.23,84.19999999999999,4.1
287,Bethel,90,US,1584038254,70,41.37,-73.41,48.99199999999996,3.1
288,Berlevåg,90,NO,1584038255,92,70.86,29.09,22.999999999999943,13.4
289,Dawson Creek,75,CA,1584038257,71,55.77,-120.24,6.7999999999999545,5.7
290,Union,90,US,1584038086,75,40.63,-74.27,51.00799999999998,3.09
291,Beyneu,100,KZ,1584038259,39,45.32,55.2,51.98000000000002,1.97
292,Salò,75,IT,1584038260,82,45.61,10.53,57.19999999999999,2.6
293,Guarapuava,58,BR,1584038261,33,-25.4,-51.46,85.28000000000003,2.37
294,Basco,14,PH,1584038182,85,20.45,121.97,78.44,8.08
295,Codrington,90,AU,1584038092,64,-38.27,141.97,68.36000000000007,8.1
296,Tilichiki,100,RU,1584038265,86,60.47,166.1,26.06000000000006,11.48
297,Barra Patuca,23,HN,1584038267,71,15.8,-84.28,78.44,5.67
298,Ust-Tsilma,100,RU,1584038268,99,65.44,52.15,35.23999999999995,3.1
299,Vardø,90,NO,1584038031,92,70.37,31.11,30.199999999999932,5.1
300,Acton Vale,1,CA,1584038271,63,45.65,-72.57,42.00799999999998,5.7
301,Semīrom,27,IR,1584038272,37,31.42,51.57,43.160000000000025,0.53
302,Cayenne,40,GF,1584038273,52,4.93,-52.33,87.80000000000001,4.1
303,Margate,20,GB,1584038108,65,51.38,1.39,46.99400000000003,8.2
304,Padang,76,ID,1584038216,96,-0.95,100.35,68.71999999999997,1.53
305,Sinnamary,28,GF,1584038121,71,5.38,-52.95,79.88000000000005,5.62
306,Dromolaxia,40,CY,1584038278,68,34.88,33.59,67.99999999999994,9.8
307,Katrineholm,40,SE,1584038279,72,59.0,16.21,39.19999999999993,11.3
308,Saint-Pierre,40,RE,1584038280,94,-21.34,55.48,80.59999999999997,2.1
309,San Patricio,40,MX,1584038281,79,19.22,-104.7,85.99999999999994,4.1
310,Kawalu,99,ID,1584038282,92,-7.38,108.21,71.42000000000002,0.48
311,Ust-Maya,98,RU,1584038284,99,60.42,134.53,-23.439999999999998,1.18
312,San Miguel de Tucumán,40,AR,1584038285,52,-26.82,-65.22,89.59999999999997,4.1
313,Christchurch,0,NZ,1584038132,87,-43.53,172.63,55.994000000000085,1.5
314,Ayan,97,RU,1584038288,71,56.45,138.17,-9.579999999999984,4.69
315,Flinders,7,AU,1584038289,93,-34.58,150.86,58.99999999999994,4.67
316,Xichang,0,CN,1584038290,76,27.9,102.26,40.27999999999997,1.59
317,Araouane,10,ML,1584038101,5,18.9,-3.53,82.57999999999998,2.27
318,Touros,75,BR,1584038293,83,-5.2,-35.46,80.59999999999997,3.1
319,Khandyga,99,RU,1584038294,99,62.67,135.6,-23.079999999999984,1.08
320,Calvià,100,ES,1584038295,36,39.57,2.51,64.39999999999992,1.0
321,Along,10,IN,1584038296,88,28.17,94.77,56.12000000000006,1.85
322,Sitka,40,US,1584038043,80,57.05,-135.33,30.199999999999932,2.1
323,Kaniama,100,CD,1584038298,93,-7.57,24.18,67.82,0.85
324,Nanortalik,0,GL,1584038299,76,60.14,-45.24,25.339999999999975,5.26
325,Los Llanos de Aridane,75,ES,1584038176,72,28.66,-17.92,71.99600000000004,5.7
326,Seoul,75,KR,1584037782,65,37.57,126.98,44.599999999999966,2.1
327,Aku,75,NG,1584038303,56,6.71,7.32,93.19999999999999,2.6
328,Ritchie,100,ZA,1584038304,93,-29.04,24.6,60.80000000000001,2.1
329,Port Jervis,90,US,1584038161,57,41.38,-74.69,49.99999999999994,2.6
330,Aden,52,YE,1584038205,56,12.78,45.04,76.99999999999994,8.05
331,Tocopilla,10,CL,1584038307,35,-22.09,-70.2,78.44,4.59
332,Gunnedah,0,AU,1584038308,87,-30.98,150.25,53.599999999999966,4.1
333,General Roca,96,AR,1584038310,27,-39.03,-67.58,85.99999999999994,2.6
334,Mackay,90,AU,1584038311,88,-21.15,149.2,75.00200000000001,6.7
335,Evensk,100,RU,1584038312,84,61.95,159.23,6.7999999999999545,7.11
336,Poum,86,NC,1584038108,82,-20.23,164.02,81.86000000000007,6.13
337,Inírida,70,CO,1584038314,44,3.87,-67.92,96.44,0.86
338,Bertoua,96,CM,1584038129,29,4.58,13.68,86.18,1.32
339,Bayanday,100,RU,1584038307,96,53.07,105.51,16.879999999999995,3.9
340,Moses Lake,1,US,1584038271,36,47.13,-119.28,46.99400000000003,2.6
341,Yagodnoye,100,RU,1584038320,98,62.55,149.67,-11.199999999999989,2.26
342,La Bañeza,20,ES,1584038321,62,42.3,-5.9,62.00600000000003,3.1
343,Magdagachi,0,RU,1584038322,84,53.45,125.8,-14.620000000000005,2.63
344,Lipin Bor,98,RU,1584038323,96,60.26,37.98,33.799999999999955,5.36
345,Havre-St-Pierre,20,CA,1584038324,53,50.23,-63.6,22.999999999999943,6.7
346,Buchanan,75,LR,1584038326,74,5.88,-10.05,87.80000000000001,4.1
347,Kargasok,100,RU,1584038327,97,59.06,80.86,33.98000000000002,5.66
348,Buy,96,RU,1584038328,80,58.48,41.53,36.139999999999986,5.86
349,Hamilton,75,US,1584038329,55,39.18,-84.53,66.00200000000001,2.6
350,Fort-Shevchenko,62,KZ,1584038330,70,44.51,50.26,50.89999999999998,3.23
351,Mizdah,0,LY,1584038331,48,31.45,12.98,56.660000000000025,3.67
352,Deputatsky,0,RU,1584038078,86,69.3,139.9,-28.840000000000032,0.75
353,Aras,75,ES,1584038334,87,42.56,-2.36,53.00600000000003,3.1
354,Chara,98,RU,1584038335,74,56.91,118.26,-10.479999999999961,1.94
355,Ta Khmau,20,KH,1584038336,78,11.48,104.95,82.39999999999992,3.6
356,Mar del Plata,1,AR,1584038337,73,-38.0,-57.56,75.19999999999999,5.1
357,Lagoa,0,PT,1584038081,65,39.05,-27.98,58.99999999999994,4.93
358,Saskylakh,100,RU,1584038072,98,71.92,114.08,-3.1000000000000227,3.56
359,Carutapera,52,BR,1584037904,70,-1.2,-46.02,82.57999999999998,2.56
360,Kiryat Gat,75,IL,1584038169,34,31.61,34.76,78.80000000000001,15.9
361,Camabatela,14,AO,1584038343,82,-8.19,15.38,66.92000000000002,1.74
362,Nkawkaw,82,GH,1584038344,77,6.55,-0.77,80.9600000000001,2.31
363,North Battleford,1,CA,1584038057,72,52.78,-108.28,17.599999999999966,7.2
364,Yining,48,CN,1584038346,94,29.04,114.56,50.539999999999964,0.33
365,Sibu,75,MY,1584038347,94,2.3,111.82,78.80000000000001,0.23
366,Ugoofaaru,1,MV,1584038348,72,5.67,73.0,83.30000000000001,5.05
367,Vallenar,0,CL,1584038349,43,-28.57,-70.76,76.63999999999993,5.34
368,Muzaffarpur,40,IN,1584038350,100,26.12,85.4,71.59999999999997,3.09
369,Caravelas,93,BR,1584038058,72,-17.71,-39.25,80.06,2.91
370,Aksay,0,RU,1584038354,70,47.26,39.87,44.599999999999966,5.0
371,Arica,6,CL,1584038272,69,-18.48,-70.3,80.59999999999997,9.3
372,Porto-Novo,40,BJ,1584038356,89,6.5,2.6,84.19999999999999,5.1
373,Boguchany,100,RU,1584038357,93,58.38,97.45,25.699999999999932,3.96
374,Namatanai,99,PG,1584038322,75,-3.67,152.43,83.47999999999996,5.92
375,Barguzin,99,RU,1584038361,94,53.62,109.62,18.680000000000007,3.81
376,Bandarbeyla,53,SO,1584038362,77,9.49,50.81,78.62000000000006,8.41
377,Ocara,51,BR,1584038363,77,-4.49,-38.6,84.56,1.67
378,French Harbor,75,HN,1584038364,69,16.35,-86.43,80.59999999999997,5.1
379,Cabinda,75,AO,1584038365,70,-5.55,12.2,87.80000000000001,3.1
380,Bambous Virieux,75,MU,1584038366,94,-20.34,57.76,78.99799999999999,3.1
381,Saint-Joseph,40,RE,1584038367,94,-21.37,55.62,80.59999999999997,2.1
382,La Ronge,90,CA,1584038369,65,55.1,-105.28,8.599999999999966,6.2
383,City of San Pedro,20,PH,1584038082,78,14.35,121.02,80.59999999999997,1.5
384,Ilulissat,75,GL,1584038371,71,69.22,-51.1,6.7999999999999545,2.1
385,Podgornoye,64,RU,1584038372,68,51.73,39.15,44.599999999999966,5.0
386,Umeå,90,SE,1584038308,93,63.83,20.26,31.999999999999943,1.99
387,Shenzhen,20,CN,1584038365,88,22.55,114.07,75.00200000000001,3.0
388,Salalah,16,OM,1584038375,65,17.02,54.09,76.99999999999994,2.1
389,Tazovsky,95,RU,1584038376,92,67.47,78.7,6.439999999999998,9.53
390,Yangjiang,89,CN,1584038378,75,21.85,111.97,71.99600000000004,2.42
391,Fasano,0,IT,1584038379,54,40.83,17.36,60.00799999999998,2.1
392,Athabasca,100,CA,1584038097,85,54.72,-113.29,18.860000000000014,4.62
393,Saint George,1,US,1584038381,67,37.1,-113.58,62.00600000000003,1.5
394,Mehtar Lām,75,AF,1584038382,81,34.67,70.21,48.19999999999993,2.06
395,Kiomboi,100,TZ,1584038383,92,-4.27,34.37,65.66000000000003,2.18
396,Belyy Yar,100,RU,1584038384,50,53.6,91.39,33.799999999999955,3.0
397,Constitución,16,CL,1584038385,66,-35.33,-72.42,67.4600000000001,3.29
398,Eyl,99,SO,1584038387,79,7.98,49.82,79.16000000000003,10.75
399,Maromitsa,100,RU,1584038388,92,59.87,48.01,35.77999999999997,5.24
400,Chapais,90,CA,1584038389,67,49.78,-74.85,21.199999999999932,4.6
401,Walvis Bay,0,NA,1584038390,68,-22.96,14.51,69.80000000000001,5.1
402,Sept-Îles,20,CA,1584038253,38,50.2,-66.38,22.999999999999943,4.6
403,Vila Franca do Campo,75,PT,1584038392,82,37.72,-25.43,60.80000000000001,4.1
404,Rodeo,1,US,1584038393,76,38.03,-122.27,71.99600000000004,2.1
405,Táborfalva,15,HU,1584038395,51,47.1,19.48,62.599999999999966,2.1
406,Villazón,29,BO,1584038396,40,-22.09,-65.59,65.66000000000003,5.2
407,Sibolga,97,ID,1584038398,97,1.74,98.78,72.49999999999994,1.28
408,Isangel,76,VU,1584038399,81,-19.55,169.27,78.07999999999998,2.52
409,Vao,95,NC,1584038400,78,-22.67,167.48,80.06,3.76
410,Paraná,24,AR,1584038322,25,-31.73,-60.52,100.76000000000005,2.68
411,Bălţăteşti,50,RO,1584038402,62,47.12,26.3,53.99600000000004,2.6
412,Moerai,68,PF,1584038404,76,-22.43,-151.33,80.42000000000002,5.09
413,Rodolfo Sánchez Taboada,64,MX,1584038405,85,31.72,-116.57,62.99600000000004,1.5
414,Cacoal,44,BR,1584038406,63,-11.44,-61.45,89.42000000000002,1.35
415,Macapá,75,BR,1584038407,66,0.04,-51.07,85.99999999999994,2.1
416,Muros,75,ES,1584038408,81,42.78,-9.06,57.991999999999905,5.7
417,Beckley,1,US,1584038115,40,37.78,-81.19,71.59999999999997,4.35
418,Adrar,52,MR,1584038286,6,20.5,-10.07,83.66000000000003,2.89
419,Emerald,9,AU,1584038412,82,-23.53,148.17,67.99999999999994,6.7
420,Tura,0,IN,1584038413,44,25.52,90.22,73.94,1.5
421,Thornaby,40,GB,1584038414,75,54.53,-1.3,44.99599999999998,11.8
422,Trogir,33,HR,1584038415,71,43.51,16.25,55.39999999999992,3.1
423,Alpinópolis,4,BR,1584038416,62,-20.86,-46.39,77.89999999999992,2.38
424,Payo,84,ID,1584038417,96,-3.75,103.64,68.18,1.52
425,Krasnosel'kup,97,RU,1584038418,93,65.7,82.47,16.160000000000025,8.67
426,Norman Wells,75,CA,1584038254,75,65.28,-126.83,-16.600000000000023,1.0
427,Ixtapa,90,MX,1584038421,78,20.7,-105.2,80.00600000000003,4.1
428,Formosa,75,AR,1584038422,20,-26.18,-58.18,103.99999999999994,5.1
429,Kālāvad,0,IN,1584038424,67,22.22,70.38,62.06,3.91
430,Poya,96,NC,1584038425,79,-21.35,165.15,80.42000000000002,2.27
431,Guangyuan,81,CN,1584038426,73,32.44,105.82,55.00399999999996,3.2
432,Umluj,39,SA,1584038427,35,25.02,37.27,84.38000000000005,15.44
433,Arlit,96,NE,1584038428,13,18.74,7.39,76.09999999999997,4.92
434,Meulaboh,100,ID,1584038430,74,4.14,96.13,84.38000000000005,2.35
435,Brae,75,GB,1584038431,93,60.4,-1.35,40.99999999999994,15.9
436,Mount Gambier,75,AU,1584038217,38,-37.83,140.77,75.19999999999999,7.7
437,Altay,0,CN,1584038286,25,47.87,88.12,12.739999999999952,2.28
438,Ambulu,81,ID,1584038434,82,-8.35,113.61,80.78000000000003,2.74
439,Taksimo,100,RU,1584038435,98,56.34,114.88,-6.340000000000032,0.23
440,Mehrabpur,11,PK,1584038436,27,28.11,68.03,64.39999999999992,2.18
441,Santa Cruz de la Sierra,75,BO,1584038438,49,-17.8,-63.17,93.19999999999999,5.1
442,Mil'kovo,20,RU,1584038439,77,54.72,158.62,12.379999999999995,4.8
443,Bubaque,4,GW,1584038440,70,11.28,-15.83,81.68,8.4
444,Rosarito,90,MX,1584038442,87,32.33,-117.03,60.80000000000001,3.1
445,Plouzané,48,FR,1584038199,65,48.38,-4.62,46.39999999999998,5.1
446,Conflans-Sainte-Honorine,85,FR,1584038446,57,49.0,2.1,53.00600000000003,4.1
447,Dondo,20,MZ,1584038447,88,-19.61,34.74,80.59999999999997,4.1
448,Woodstock,90,CA,1584038378,80,43.13,-80.75,42.99799999999999,3.6
449,Qaqortoq,20,GL,1584038449,46,60.72,-46.03,28.399999999999977,2.1
450,Pakokku,0,MM,1584038450,27,21.33,95.1,78.80000000000001,1.94
451,Atar,43,MR,1584038451,18,20.52,-13.05,93.19999999999999,3.1
452,Luján,17,AR,1584038452,66,-34.57,-59.1,89.99600000000004,3.1
453,Province of Trapani,0,IT,1584038454,82,37.83,12.67,58.99999999999994,3.1
454,Tongren,51,CN,1584038456,87,27.72,109.19,56.12000000000006,1.29
455,Mardin,75,TR,1584038457,42,37.31,40.74,67.99999999999994,8.2
456,Dekar,15,BW,1584038458,53,-21.53,21.93,75.02000000000004,2.62
457,Muli,50,MV,1584038310,72,2.92,73.57,83.30000000000001,5.61
458,Limbang,75,MY,1584038461,94,4.75,115.0,80.59999999999997,0.5
459,Atambua,100,ID,1584038463,88,-9.11,124.89,75.19999999999999,0.68
460,Tshela,93,CD,1584038464,90,-4.98,12.93,75.19999999999999,0.53
461,Sochi,52,RU,1584038341,87,43.6,39.73,48.19999999999993,3.0
462,Kumul,0,CN,1584038466,25,42.8,93.45,31.460000000000036,2.6
463,Sémbé,85,CG,1584038467,95,1.65,14.58,71.59999999999997,2.1
464,Shebunino,100,RU,1584038468,98,46.43,141.86,32.360000000000014,5.04
465,Jega,32,NG,1584038469,7,12.22,4.38,88.88000000000005,4.44
466,Zabul Province,43,AF,1584038471,82,32.25,67.25,35.420000000000016,0.79
467,Luleå,75,SE,1584038472,97,65.58,22.15,33.799999999999955,0.5
468,Sawang Daen Din,0,TH,1584038473,33,17.48,103.46,85.63999999999993,1.52
469,Kuusamo,90,FI,1584038475,92,65.97,29.18,30.199999999999932,4.1
470,Tuma,67,RU,1584038476,60,55.15,40.55,42.00799999999998,3.13
471,Honiara,90,SB,1584038477,88,-9.43,159.95,76.99999999999994,3.6
472,Yuxia,55,CN,1584038480,42,34.06,108.63,48.19999999999993,3.0
473,Japura,44,ID,1584038481,95,-0.32,102.35,73.76000000000005,0.51
474,Gladstone,11,AU,1584038482,60,-23.85,151.25,73.39999999999992,6.7
475,Ignacio Zaragoza,100,MX,1584038483,52,28.38,-107.22,64.00399999999996,6.26
476,Husavik,75,IS,1584038484,67,66.04,-17.34,21.199999999999932,3.6
477,Souillac,75,MU,1584038485,94,-20.52,57.52,78.99799999999999,3.1
478,Worcester,90,US,1584038487,56,42.33,-71.83,49.99999999999994,1.5
479,Batagay,0,RU,1584038308,97,67.63,134.63,-25.060000000000002,1.42
480,Pimentel,40,PE,1584038489,29,-6.84,-79.93,66.19999999999999,5.7
481,Mikhaylovka,44,RU,1584038490,70,50.06,43.24,43.52000000000004,5.27
482,Itaqui,20,BR,1584038491,20,-29.13,-56.55,102.56,3.48
483,Vanavara,18,RU,1584038492,88,60.34,102.28,12.739999999999952,3.61
484,Azul,26,AR,1584038259,32,-36.78,-59.86,85.99999999999994,1.33
485,Tortolì,40,IT,1584038494,100,39.93,9.66,57.19999999999999,2.1
486,Ballina,75,AU,1584038496,82,-28.87,153.57,67.99999999999994,4.1
487,Boa Esperança,2,BR,1584038497,61,-21.09,-45.57,78.80000000000001,1.85
488,Krutikha,50,RU,1584038498,94,53.96,81.21,17.960000000000036,2.92
489,Wufeng,80,CN,1584038499,78,27.45,104.83,48.19999999999993,2.63
490,Aykhal,90,RU,1584038500,76,66.0,111.5,-11.199999999999989,8.0
491,Pueblo,1,US,1584038501,19,38.25,-104.61,69.80000000000001,6.2
492,Bhatkal,0,IN,1584038502,82,13.97,74.57,78.26000000000005,5.12
493,Kirovskiy,71,RU,1584038503,74,45.09,133.51,13.099999999999966,5.6
494,Morton,75,US,1584038505,47,46.77,-101.26,35.599999999999966,12.9
495,Chepareria,97,KE,1584038506,42,1.31,35.2,78.44,5.39
496,Eidsvåg,75,NO,1584038507,64,62.78,8.07,37.39999999999998,15.4
497,Sīrjān,0,IR,1584038508,14,29.45,55.68,55.21999999999997,3.26
498,San Cristobal,40,VE,1584038509,55,7.77,-72.22,85.99999999999994,4.6
499,Kota Bharu,20,MY,1584038510,94,6.13,102.24,76.99999999999994,0.5
500,Lethem,24,GY,1584038511,25,3.38,-59.8,101.30000000000001,3.48
501,Altus,1,US,1584038214,41,34.64,-99.33,82.39999999999992,2.1
502,Genhe,0,CN,1584038514,89,50.78,121.52,-10.479999999999961,1.81
503,Freeport,90,US,1584038347,70,40.66,-73.58,48.99199999999996,4.1
504,Esim,99,GH,1584038516,79,4.87,-2.24,82.76000000000005,2.67
505,Sarab,54,IR,1584038517,38,38.61,44.99,54.13999999999993,1.97
506,Tignère,100,CM,1584038255,15,7.37,12.65,77.54000000000002,0.69
507,Marovoay,20,MG,1584038519,89,-16.1,46.63,84.19999999999999,1.5
508,Kahului,40,US,1584038223,83,20.89,-156.47,71.59999999999997,3.1
509,Asău,6,RO,1584038522,66,46.43,26.4,53.99600000000004,4.1
510,Alice Springs,0,AU,1584038467,56,-23.7,133.88,71.59999999999997,2.02
511,Olsztyn,40,PL,1584038351,59,53.78,20.49,40.99999999999994,5.7
512,Sivas Province,75,TR,1584038525,65,39.79,37.0,46.39999999999998,7.7
513,Dodge City,1,US,1584038399,41,37.75,-100.02,60.00799999999998,9.3
514,Tsogni,95,GA,1584038527,80,-2.79,10.1,82.57999999999998,1.48
515,Redmond,90,US,1584038315,70,47.67,-122.12,46.00400000000002,1.07
516,Sisimiut,0,GL,1584038284,84,66.94,-53.67,1.579999999999984,1.32
517,Biloela,0,AU,1584038532,71,-24.42,150.5,64.57999999999998,8.54
518,Maiduguri,67,NG,1584038534,13,11.85,13.16,73.57999999999998,4.49
519,Faya,35,SA,1584038536,63,18.39,42.45,64.39999999999992,3.1
520,Clyde River,75,CA,1584038537,68,70.47,-68.59,-16.600000000000023,4.1
521,Tarakan,34,ID,1584038538,84,3.3,117.63,79.16000000000003,1.06
522,São Félix do Xingu,99,BR,1584038539,80,-6.64,-51.99,78.26000000000005,2.16
523,Portland,40,US,1584038285,70,45.52,-122.68,46.99400000000003,1.5
524,Yumen,54,CN,1584038541,41,40.28,97.2,26.420000000000016,5.02
525,Northam,77,GB,1584038542,82,51.03,-4.22,46.99400000000003,7.15
526,Flagstaff,90,US,1584038544,81,35.2,-111.65,57.00200000000001,6.2
527,Obo,29,CF,1584038545,69,5.4,26.49,74.12000000000006,1.54
528,Pachino,0,IT,1584038546,66,36.72,15.09,57.00200000000001,1.0
529,Philadelphia,90,US,1584038273,66,39.95,-75.16,58.99999999999994,3.6
530,Kamiiso,94,JP,1584038361,88,41.82,140.65,38.48000000000002,8.97
531,Hofn,96,IS,1584038549,74,64.25,-15.21,30.739999999999952,10.41
532,Ponta Delgada,75,PT,1584038550,82,37.73,-25.67,60.80000000000001,4.1
533,Goianira,40,BR,1584038552,52,-16.5,-49.43,87.80000000000001,3.6
534,Schalksmühle,50,DE,1584038554,81,51.23,7.53,48.99199999999996,5.7
535,Tommot,42,RU,1584038555,85,58.96,126.29,-18.220000000000027,1.49
536,Ostrovnoy,100,RU,1584038556,95,68.05,39.51,22.639999999999986,0.65
537,Mglin,100,RU,1584038557,71,53.06,32.85,48.73999999999995,9.82
538,Pacific Grove,1,US,1584038558,63,36.62,-121.92,66.9919999999999,5.51
539,Vieques,40,PR,1584038559,51,18.43,-65.83,85.99999999999994,5.1
540,Nicoya,20,CR,1584038561,43,10.15,-85.45,91.39999999999992,9.3
541,Waitati,4,NZ,1584038562,82,-45.75,170.57,53.99600000000004,2.11
542,Charters Towers,31,AU,1584038563,80,-20.1,146.27,70.33999999999997,6.81
543,Ankang,100,CN,1584038344,81,32.68,109.02,53.00600000000003,3.13
544,Baiyin,40,CN,1584038565,54,36.56,104.21,28.399999999999977,3.0
545,Golden,75,US,1584038566,60,39.76,-105.22,51.00799999999998,4.1
546,Kostolac,28,RS,1584038567,37,44.71,21.17,67.99999999999994,6.2
547,Zhalantun,0,CN,1584038570,65,48.0,122.72,-0.39999999999997726,3.77
548,Magalia,5,US,1584038288,39,39.81,-121.58,69.80000000000001,5.1
549,Flin Flon,40,CA,1584038572,66,54.77,-101.86,12.199999999999932,7.2
550,San Fernando,40,PH,1584038573,78,15.03,120.69,80.59999999999997,1.0
551,Neuquén,100,AR,1584038574,27,-38.95,-68.06,85.99999999999994,2.6
552,Novaya Malykla,82,RU,1584038575,95,54.2,49.95,37.94,4.81
553,Iqaluit,20,CA,1584038576,69,63.75,-68.51,-7.006000000000029,1.5
554,Bay Roberts,90,CA,1584038312,92,47.6,-53.26,28.994000000000028,3.6
555,Hvide Sande,43,DK,1584038579,93,56.0,8.13,44.00599999999997,6.2
556,Balagunan,40,PH,1584038580,83,7.49,125.52,76.99999999999994,3.1
557,Illapel,0,CL,1584038581,37,-31.63,-71.17,78.44,5.07
558,‘Ewa Beach,90,US,1584038583,88,21.32,-158.01,73.39999999999992,0.77
559,El Alto,40,PE,1584038584,100,-4.27,-81.21,62.599999999999966,5.7
560,Velikiy Ustyug,96,RU,1584038586,94,60.76,46.31,34.160000000000025,5.11
561,Kjøllefjord,90,NO,1584038587,92,70.95,27.35,24.799999999999955,10.3
562,Abéché,96,TD,1584038588,10,13.83,20.83,72.68,6.83
563,Bariloche,20,AR,1584038589,28,-41.15,-71.31,71.59999999999997,11.3
564,Wilmington,1,US,1584038460,68,34.23,-77.94,80.00600000000003,3.6
565,Tabas,5,IR,1584038591,13,33.6,56.92,60.80000000000001,2.1
566,Kasempa,100,ZM,1584038592,91,-13.46,25.83,67.28000000000003,2.35
567,Moussoro,92,TD,1584038593,9,13.64,16.49,74.30000000000001,5.9
568,Topolobampo,90,MX,1584038595,54,25.6,-109.05,84.9919999999999,4.1
569,Koundara,0,GN,1584038596,5,12.48,-13.3,104.89999999999992,2.31
570,Havøysund,75,NO,1584038597,85,71.0,24.66,24.799999999999955,17.0
571,Vila Velha,40,BR,1584038590,83,-20.33,-40.29,80.59999999999997,6.2
572,Acapulco de Juárez,20,MX,1584038421,70,16.86,-99.89,85.99999999999994,1.5
573,Shimoda,0,JP,1584038590,81,34.67,138.95,44.00599999999997,0.45
574,Ca Mau,0,VN,1584038603,93,9.18,105.15,75.56,1.45
575,Bereda,75,ES,1584038602,71,43.27,-7.54,53.00600000000003,4.1
576,Taoudenni,0,ML,1584038605,6,22.68,-3.98,84.02000000000004,3.17
577,Ulladulla,36,AU,1584038606,93,-35.35,150.47,55.39999999999992,3.13
578,Fortuna,20,US,1584038600,81,40.6,-124.16,58.99999999999994,1.5
579,Ukiah,1,US,1584038398,48,39.15,-123.21,71.00600000000003,0.85
580,Pochutla,40,MX,1584038609,58,15.74,-96.47,89.00600000000003,5.1
581,Arecibo,1,PR,1584038611,67,18.47,-66.72,85.99999999999994,3.1
582,Sarangani,17,PH,1584038612,80,5.4,125.46,81.68,11.28
583,Denpasar,20,ID,1584038453,88,-8.65,115.22,82.39999999999992,0.5
584,Cleveland,40,US,1584038615,47,41.5,-81.7,57.00200000000001,3.1
585,Eureka,20,US,1584038605,81,40.8,-124.16,58.99999999999994,1.5
